{"count":1,"gauges":{},"self":270.662016,"total":275.1631178,"children":{"AgentResetIfDone":{"count":13040,"self":0.173142,"total":0.173142,"children":null},"AgentSendState":{"count":13040,"self":0.4474529,"total":0.67968129999999993,"children":{"CollectObservations":{"count":31296,"self":0.2322284,"total":0.2322284,"children":null}}},"DecideAction":{"count":13040,"self":3.0427532,"total":3.0427532999999998,"children":null},"AcademyStep":{"count":13040,"self":0.07306399999999999,"total":0.07306399999999999,"children":null},"AgentAct":{"count":13040,"self":0.5314671,"total":0.5314671,"children":null}}}