{"count":1,"gauges":{},"self":13.1696248,"total":13.5874379,"children":{"AgentResetIfDone":{"count":586,"self":0.0059853,"total":0.0059853,"children":null},"AgentSendState":{"count":586,"self":0.044326199999999996,"total":0.0704457,"children":{"CollectObservations":{"count":4248,"self":0.0261195,"total":0.0261195,"children":null}}},"DecideAction":{"count":586,"self":0.2934912,"total":0.2934912,"children":null},"AcademyStep":{"count":586,"self":0.0029367,"total":0.0029367,"children":null},"AgentAct":{"count":586,"self":0.0439571,"total":0.0439571,"children":null}}}