{"count":1,"gauges":{},"self":25.059216,"total":25.168559,"children":{"AgentResetIfDone":{"count":1229,"self":0.0243572,"total":0.0243572,"children":null},"AgentSendState":{"count":1229,"self":0.0168871,"total":0.021139099999999997,"children":{"CollectObservations":{"count":1229,"self":0.004252,"total":0.004252,"children":null}}},"DecideAction":{"count":1229,"self":0.0143518,"total":0.0143518,"children":null},"AcademyStep":{"count":1229,"self":0.002931,"total":0.002931,"children":null},"AgentAct":{"count":1229,"self":0.045566699999999995,"total":0.045566699999999995,"children":null}}}