{"count":1,"gauges":{},"self":103.6472192,"total":104.0015521,"children":{"AgentResetIfDone":{"count":5178,"self":0.0540504,"total":0.0540504,"children":null},"AgentSendState":{"count":5178,"self":0.065068199999999993,"total":0.093093,"children":{"CollectObservations":{"count":5178,"self":0.0280248,"total":0.0280248,"children":null}}},"DecideAction":{"count":5178,"self":0.0410399,"total":0.0410399,"children":null},"AcademyStep":{"count":5178,"self":0.030026499999999998,"total":0.030026499999999998,"children":null},"AgentAct":{"count":5178,"self":0.1351238,"total":0.1351238,"children":null}}}