{"count":1,"gauges":{},"self":33.8330208,"total":33.973540799999995,"children":{"AgentResetIfDone":{"count":1662,"self":0.0247438,"total":0.0247438,"children":null},"AgentSendState":{"count":1662,"self":0.0227341,"total":0.0306169,"children":{"CollectObservations":{"count":1662,"self":0.0078827999999999988,"total":0.0078827999999999988,"children":null}}},"DecideAction":{"count":1662,"self":0.020787299999999998,"total":0.020787299999999998,"children":null},"AcademyStep":{"count":1662,"self":0.0029609,"total":0.0029609,"children":null},"AgentAct":{"count":1662,"self":0.0604141,"total":0.0604141,"children":null}}}