{"count":1,"gauges":{},"self":52.2649056,"total":52.450473699999996,"children":{"AgentResetIfDone":{"count":2579,"self":0.0367681,"total":0.0367681,"children":null},"AgentSendState":{"count":2579,"self":0.0238604,"total":0.032836,"children":{"CollectObservations":{"count":2579,"self":0.0089756,"total":0.0089756,"children":null}}},"DecideAction":{"count":2579,"self":0.0139191,"total":0.0139191,"children":null},"AcademyStep":{"count":2579,"self":0.0099647,"total":0.0099647,"children":null},"AgentAct":{"count":2579,"self":0.0910835,"total":0.0910835,"children":null}}}